ID,Slug,Name,Date Created,Author,Description,Excerpt,Status,Categories,Tags,Price,Files,File Download Limit,Featured Image,SKU,Notes,Sales,Earnings
3046,personal-leadership-planning-tool,Personal Leadership Planning Tool,,,"This is an example of an Easy Digital Downloads product. Lorem ipsum dolor sit amet, consectetur adipiscing elit. Maecenas consectetur augue elementum nisl tincidunt varius. Integer ultrices purus ut tristique volutpat. Vivamus interdum bibendum velit, vitae elementum ex efficitur eu. Duis at tellus at arcu tempus aliquam vitae id lectus. Proin lacinia dui luctus pulvinar convallis. Duis interdum, mi vel tristique mattis, lectus justo porta sapien, vel sodales tellus metus quis tortor. Aliquam eget enim porta, facilisis metus eleifend, fringilla tellus. Quisque eget massa leo. Vivamus volutpat enim at nunc ultricies luctus. Mauris a interdum dui. Aliquam ut malesuada magna.",,publish,Tools,,14.99,,,https://demo.coaching-pro.thebrandid.com/wp-content/uploads/2021/11/demo-edd-download-6.jpg,,,0,0.00
3047,coaching-mindset-exercise,Coaching Mindset Exercise,,,"This is an example of an Easy Digital Downloads product. Lorem ipsum dolor sit amet, consectetur adipiscing elit. Donec id eros in turpis sollicitudin volutpat tristique vel lacus. Fusce sed enim pulvinar, eleifend elit sed, cursus lectus. Nulla scelerisque ligula orci, at varius mi euismod in. Sed sit amet leo a dolor commodo euismod. Lorem ipsum dolor sit amet, consectetur adipiscing elit. Maecenas at ultrices nisi, a gravida justo. Nam eget libero vitae lorem cursus egestas sodales nec nulla. Maecenas vitae risus vitae ligula dictum posuere. Pellentesque pulvinar turpis justo, id dictum nulla efficitur ut.",,publish,Exercises,,9.99,,,https://demo.coaching-pro.thebrandid.com/wp-content/uploads/2021/11/demo-edd-download-2.jpg,,,0,0.00
3048,priority-visualization-template,Priority Visualization Template,,,"This is an example of an Easy Digital Downloads product. Lorem ipsum dolor sit amet, consectetur adipiscing elit. Nam laoreet eget nunc consequat sodales. Interdum et malesuada fames ac ante ipsum primis in faucibus. Vestibulum ante ipsum primis in faucibus orci luctus et ultrices posuere cubilia curae; Ut hendrerit suscipit felis id porta. Proin in dolor odio. Maecenas id neque imperdiet, laoreet sem eget, laoreet neque. In at nisi vel dui mollis mollis sed sit amet erat. Vivamus at nulla aliquet, auctor felis luctus, gravida lectus. Ut tincidunt felis eget metus cursus scelerisque. Aliquam ac felis eu lacus rhoncus maximus at at purus.",,publish,Tools,,14.99,,,https://demo.coaching-pro.thebrandid.com/wp-content/uploads/2021/11/demo-edd-download-8.jpg,,,0,0.00
3049,personal-evaluation-template,Personal Evaluation Template,,,"This is an example of an Easy Digital Downloads product. Lorem ipsum dolor sit amet, consectetur adipiscing elit. Sed eu faucibus enim. Nunc viverra, magna tincidunt consectetur maximus, elit dui tristique nulla, maximus consequat metus est eu sapien. Aliquam varius purus et diam accumsan, quis luctus neque lobortis. Curabitur at mauris non sem pulvinar ultricies. Nullam feugiat facilisis arcu in varius. Mauris dignissim leo sem, eget ornare diam venenatis eget. Nulla vestibulum ante a felis maximus pellentesque.",,publish,Tools,,19.99,,,https://demo.coaching-pro.thebrandid.com/wp-content/uploads/2021/11/demo-edd-download-5.jpg,,,0,0.00
3050,creative-emotions-planning-tool,Creative Emotions Planning Tool,,,"This is an example of an Easy Digital Downloads product. Lorem ipsum dolor sit amet, consectetur adipiscing elit. Maecenas massa diam, faucibus id justo nec, auctor accumsan sapien. Donec vestibulum eu nulla sit amet hendrerit. Pellentesque posuere egestas commodo. Praesent porttitor, felis sit amet suscipit facilisis, sem metus tempus libero, et ultrices lorem quam sit amet lorem.",,publish,Tools,,19.99,,,https://demo.coaching-pro.thebrandid.com/wp-content/uploads/2021/11/demo-edd-download-3.jpg,,,0,0.00
3051,business-profile-exercise,Business Profile Exercise,,,"This is an example of an Easy Digital Downloads product. Lorem ipsum dolor sit amet, consectetur adipiscing elit. Fusce a augue euismod, malesuada nisl eget, accumsan sem. Sed suscipit velit et felis faucibus, in facilisis lorem blandit. Suspendisse quis metus accumsan, fringilla ligula eget, semper quam. Ut felis nisl, pharetra sit amet turpis in, ultricies semper ex. Fusce sit amet risus aliquet neque tristique consectetur. Nam sed turpis vitae lacus aliquet condimentum. Donec finibus placerat mi vitae fringilla.",,publish,Exercises,,14.99,,,https://demo.coaching-pro.thebrandid.com/wp-content/uploads/2021/11/demo-edd-download-1.jpg,,,0,0.00
3052,planning-tools-bundle,Planning Tools Bundle,,,"This is an example of an Easy Digital Downloads bundle product. Lorem ipsum dolor sit amet, consectetur adipiscing elit. Donec in sapien fringilla, dapibus metus nec, porta ipsum. Aenean ac mollis lectus. Aliquam convallis, sem semper lacinia dictum, erat sem ultrices urna, eu aliquet ligula neque ac ligula. Ut auctor, lacus id maximus lacinia, dui est pulvinar lacus, eu condimentum sem leo nec ante. Duis porta dui placerat, iaculis ex ut, hendrerit mi. Praesent pellentesque vitae erat at mattis.",,publish,Bundled Products,,19.99,,,https://demo.coaching-pro.thebrandid.com/wp-content/uploads/2021/11/demo-edd-download-7.jpg,,,0,0.00
3053,exercises-bundle,Exercises Bundle,,,"This is an example of an Easy Digital Downloads bundle product. Lorem ipsum dolor sit amet, consectetur adipiscing elit. Duis ipsum orci, bibendum sed erat ac, consectetur ullamcorper felis. Sed efficitur massa felis, id maximus erat fermentum non. Fusce sem eros, placerat et turpis in, viverra semper lorem. Vestibulum ante ipsum primis in faucibus orci luctus et ultrices posuere cubilia curae; Suspendisse a dictum mi.",,publish,Bundled Products,,19.99,,,https://demo.coaching-pro.thebrandid.com/wp-content/uploads/2021/11/demo-edd-download-4.jpg,,,0,0.00